territory,price_point_id
ARE,eyJzIjoiNjc1MzAxOTkwNyIsInQiOiJBUkUiLCJwIjoiMTAwMTAifQ
AFG,eyJzIjoiNjc1MzAxOTkwNyIsInQiOiJBRkciLCJwIjoiMTAwMTAifQ
ATG,eyJzIjoiNjc1MzAxOTkwNyIsInQiOiJBVEciLCJwIjoiMTAwMTAifQ
AIA,eyJzIjoiNjc1MzAxOTkwNyIsInQiOiJBSUEiLCJwIjoiMTAwMTAifQ
ALB,eyJzIjoiNjc1MzAxOTkwNyIsInQiOiJBTEIiLCJwIjoiMTAwMTAifQ
ARM,eyJzIjoiNjc1MzAxOTkwNyIsInQiOiJBUk0iLCJwIjoiMTAwMTAifQ
AGO,eyJzIjoiNjc1MzAxOTkwNyIsInQiOiJBR08iLCJwIjoiMTAwMTAifQ
ARG,eyJzIjoiNjc1MzAxOTkwNyIsInQiOiJBUkciLCJwIjoiMTAwMTAifQ
AUT,eyJzIjoiNjc1MzAxOTkwNyIsInQiOiJBVVQiLCJwIjoiMTAwMTAifQ
AUS,eyJzIjoiNjc1MzAxOTkwNyIsInQiOiJBVVMiLCJwIjoiMTAwMTAifQ
AZE,eyJzIjoiNjc1MzAxOTkwNyIsInQiOiJBWkUiLCJwIjoiMTAwMTAifQ
BIH,eyJzIjoiNjc1MzAxOTkwNyIsInQiOiJCSUgiLCJwIjoiMTAwMTAifQ
BRB,eyJzIjoiNjc1MzAxOTkwNyIsInQiOiJCUkIiLCJwIjoiMTAwMTAifQ
BEL,eyJzIjoiNjc1MzAxOTkwNyIsInQiOiJCRUwiLCJwIjoiMTAwMTAifQ
BFA,eyJzIjoiNjc1MzAxOTkwNyIsInQiOiJCRkEiLCJwIjoiMTAwMTAifQ
BGR,eyJzIjoiNjc1MzAxOTkwNyIsInQiOiJCR1IiLCJwIjoiMTAwMTAifQ
BHR,eyJzIjoiNjc1MzAxOTkwNyIsInQiOiJCSFIiLCJwIjoiMTAwMTAifQ
BEN,eyJzIjoiNjc1MzAxOTkwNyIsInQiOiJCRU4iLCJwIjoiMTAwMTAifQ
BMU,eyJzIjoiNjc1MzAxOTkwNyIsInQiOiJCTVUiLCJwIjoiMTAwMTAifQ
BRN,eyJzIjoiNjc1MzAxOTkwNyIsInQiOiJCUk4iLCJwIjoiMTAwMTAifQ
BOL,eyJzIjoiNjc1MzAxOTkwNyIsInQiOiJCT0wiLCJwIjoiMTAwMTAifQ
BRA,eyJzIjoiNjc1MzAxOTkwNyIsInQiOiJCUkEiLCJwIjoiMTAwMTAifQ
BHS,eyJzIjoiNjc1MzAxOTkwNyIsInQiOiJCSFMiLCJwIjoiMTAwMTAifQ
BTN,eyJzIjoiNjc1MzAxOTkwNyIsInQiOiJCVE4iLCJwIjoiMTAwMTAifQ
BWA,eyJzIjoiNjc1MzAxOTkwNyIsInQiOiJCV0EiLCJwIjoiMTAwMTAifQ
BLR,eyJzIjoiNjc1MzAxOTkwNyIsInQiOiJCTFIiLCJwIjoiMTAwMTAifQ
BLZ,eyJzIjoiNjc1MzAxOTkwNyIsInQiOiJCTFoiLCJwIjoiMTAwMTAifQ
CAN,eyJzIjoiNjc1MzAxOTkwNyIsInQiOiJDQU4iLCJwIjoiMTAwMTAifQ
COD,eyJzIjoiNjc1MzAxOTkwNyIsInQiOiJDT0QiLCJwIjoiMTAwMTAifQ
COG,eyJzIjoiNjc1MzAxOTkwNyIsInQiOiJDT0ciLCJwIjoiMTAwMTAifQ
CHE,eyJzIjoiNjc1MzAxOTkwNyIsInQiOiJDSEUiLCJwIjoiMTAwMTAifQ
CIV,eyJzIjoiNjc1MzAxOTkwNyIsInQiOiJDSVYiLCJwIjoiMTAwMTAifQ
CHL,eyJzIjoiNjc1MzAxOTkwNyIsInQiOiJDSEwiLCJwIjoiMTAwMTAifQ
CMR,eyJzIjoiNjc1MzAxOTkwNyIsInQiOiJDTVIiLCJwIjoiMTAwMTAifQ
CHN,eyJzIjoiNjc1MzAxOTkwNyIsInQiOiJDSE4iLCJwIjoiMTAwMTAifQ
COL,eyJzIjoiNjc1MzAxOTkwNyIsInQiOiJDT0wiLCJwIjoiMTAwMTAifQ
CRI,eyJzIjoiNjc1MzAxOTkwNyIsInQiOiJDUkkiLCJwIjoiMTAwMTAifQ
CPV,eyJzIjoiNjc1MzAxOTkwNyIsInQiOiJDUFYiLCJwIjoiMTAwMTAifQ
CYP,eyJzIjoiNjc1MzAxOTkwNyIsInQiOiJDWVAiLCJwIjoiMTAwMTAifQ
CZE,eyJzIjoiNjc1MzAxOTkwNyIsInQiOiJDWkUiLCJwIjoiMTAwMTAifQ
DEU,eyJzIjoiNjc1MzAxOTkwNyIsInQiOiJERVUiLCJwIjoiMTAwMTAifQ
DNK,eyJzIjoiNjc1MzAxOTkwNyIsInQiOiJETksiLCJwIjoiMTAwMTAifQ
DMA,eyJzIjoiNjc1MzAxOTkwNyIsInQiOiJETUEiLCJwIjoiMTAwMTAifQ
DOM,eyJzIjoiNjc1MzAxOTkwNyIsInQiOiJET00iLCJwIjoiMTAwMTAifQ
DZA,eyJzIjoiNjc1MzAxOTkwNyIsInQiOiJEWkEiLCJwIjoiMTAwMTAifQ
ECU,eyJzIjoiNjc1MzAxOTkwNyIsInQiOiJFQ1UiLCJwIjoiMTAwMTAifQ
EST,eyJzIjoiNjc1MzAxOTkwNyIsInQiOiJFU1QiLCJwIjoiMTAwMTAifQ
EGY,eyJzIjoiNjc1MzAxOTkwNyIsInQiOiJFR1kiLCJwIjoiMTAwMTAifQ
ESP,eyJzIjoiNjc1MzAxOTkwNyIsInQiOiJFU1AiLCJwIjoiMTAwMTAifQ
FIN,eyJzIjoiNjc1MzAxOTkwNyIsInQiOiJGSU4iLCJwIjoiMTAwMTAifQ
FJI,eyJzIjoiNjc1MzAxOTkwNyIsInQiOiJGSkkiLCJwIjoiMTAwMTAifQ
FSM,eyJzIjoiNjc1MzAxOTkwNyIsInQiOiJGU00iLCJwIjoiMTAwMTAifQ
FRA,eyJzIjoiNjc1MzAxOTkwNyIsInQiOiJGUkEiLCJwIjoiMTAwMTAifQ
GAB,eyJzIjoiNjc1MzAxOTkwNyIsInQiOiJHQUIiLCJwIjoiMTAwMTAifQ
GBR,eyJzIjoiNjc1MzAxOTkwNyIsInQiOiJHQlIiLCJwIjoiMTAwMTAifQ
GRD,eyJzIjoiNjc1MzAxOTkwNyIsInQiOiJHUkQiLCJwIjoiMTAwMTAifQ
GEO,eyJzIjoiNjc1MzAxOTkwNyIsInQiOiJHRU8iLCJwIjoiMTAwMTAifQ
GHA,eyJzIjoiNjc1MzAxOTkwNyIsInQiOiJHSEEiLCJwIjoiMTAwMTAifQ
GMB,eyJzIjoiNjc1MzAxOTkwNyIsInQiOiJHTUIiLCJwIjoiMTAwMTAifQ
GRC,eyJzIjoiNjc1MzAxOTkwNyIsInQiOiJHUkMiLCJwIjoiMTAwMTAifQ
GTM,eyJzIjoiNjc1MzAxOTkwNyIsInQiOiJHVE0iLCJwIjoiMTAwMTAifQ
GNB,eyJzIjoiNjc1MzAxOTkwNyIsInQiOiJHTkIiLCJwIjoiMTAwMTAifQ
GUY,eyJzIjoiNjc1MzAxOTkwNyIsInQiOiJHVVkiLCJwIjoiMTAwMTAifQ
HKG,eyJzIjoiNjc1MzAxOTkwNyIsInQiOiJIS0ciLCJwIjoiMTAwMTAifQ
HND,eyJzIjoiNjc1MzAxOTkwNyIsInQiOiJITkQiLCJwIjoiMTAwMTAifQ
HRV,eyJzIjoiNjc1MzAxOTkwNyIsInQiOiJIUlYiLCJwIjoiMTAwMTAifQ
HUN,eyJzIjoiNjc1MzAxOTkwNyIsInQiOiJIVU4iLCJwIjoiMTAwMTAifQ
IDN,eyJzIjoiNjc1MzAxOTkwNyIsInQiOiJJRE4iLCJwIjoiMTAwMTAifQ
IRL,eyJzIjoiNjc1MzAxOTkwNyIsInQiOiJJUkwiLCJwIjoiMTAwMTAifQ
ISR,eyJzIjoiNjc1MzAxOTkwNyIsInQiOiJJU1IiLCJwIjoiMTAwMTAifQ
IND,eyJzIjoiNjc1MzAxOTkwNyIsInQiOiJJTkQiLCJwIjoiMTAwMTAifQ
IRQ,eyJzIjoiNjc1MzAxOTkwNyIsInQiOiJJUlEiLCJwIjoiMTAwMTAifQ
ISL,eyJzIjoiNjc1MzAxOTkwNyIsInQiOiJJU0wiLCJwIjoiMTAwMTAifQ
ITA,eyJzIjoiNjc1MzAxOTkwNyIsInQiOiJJVEEiLCJwIjoiMTAwMTAifQ
JAM,eyJzIjoiNjc1MzAxOTkwNyIsInQiOiJKQU0iLCJwIjoiMTAwMTAifQ
JOR,eyJzIjoiNjc1MzAxOTkwNyIsInQiOiJKT1IiLCJwIjoiMTAwMTAifQ
JPN,eyJzIjoiNjc1MzAxOTkwNyIsInQiOiJKUE4iLCJwIjoiMTAwMTAifQ
KEN,eyJzIjoiNjc1MzAxOTkwNyIsInQiOiJLRU4iLCJwIjoiMTAwMTAifQ
KGZ,eyJzIjoiNjc1MzAxOTkwNyIsInQiOiJLR1oiLCJwIjoiMTAwMTAifQ
KHM,eyJzIjoiNjc1MzAxOTkwNyIsInQiOiJLSE0iLCJwIjoiMTAwMTAifQ
KNA,eyJzIjoiNjc1MzAxOTkwNyIsInQiOiJLTkEiLCJwIjoiMTAwMTAifQ
KOR,eyJzIjoiNjc1MzAxOTkwNyIsInQiOiJLT1IiLCJwIjoiMTAwMTAifQ
KWT,eyJzIjoiNjc1MzAxOTkwNyIsInQiOiJLV1QiLCJwIjoiMTAwMTAifQ
CYM,eyJzIjoiNjc1MzAxOTkwNyIsInQiOiJDWU0iLCJwIjoiMTAwMTAifQ
KAZ,eyJzIjoiNjc1MzAxOTkwNyIsInQiOiJLQVoiLCJwIjoiMTAwMTAifQ
LAO,eyJzIjoiNjc1MzAxOTkwNyIsInQiOiJMQU8iLCJwIjoiMTAwMTAifQ
LBN,eyJzIjoiNjc1MzAxOTkwNyIsInQiOiJMQk4iLCJwIjoiMTAwMTAifQ
LCA,eyJzIjoiNjc1MzAxOTkwNyIsInQiOiJMQ0EiLCJwIjoiMTAwMTAifQ
LKA,eyJzIjoiNjc1MzAxOTkwNyIsInQiOiJMS0EiLCJwIjoiMTAwMTAifQ
LBR,eyJzIjoiNjc1MzAxOTkwNyIsInQiOiJMQlIiLCJwIjoiMTAwMTAifQ
LTU,eyJzIjoiNjc1MzAxOTkwNyIsInQiOiJMVFUiLCJwIjoiMTAwMTAifQ
LUX,eyJzIjoiNjc1MzAxOTkwNyIsInQiOiJMVVgiLCJwIjoiMTAwMTAifQ
LVA,eyJzIjoiNjc1MzAxOTkwNyIsInQiOiJMVkEiLCJwIjoiMTAwMTAifQ
LBY,eyJzIjoiNjc1MzAxOTkwNyIsInQiOiJMQlkiLCJwIjoiMTAwMTAifQ
MAR,eyJzIjoiNjc1MzAxOTkwNyIsInQiOiJNQVIiLCJwIjoiMTAwMTAifQ
MDA,eyJzIjoiNjc1MzAxOTkwNyIsInQiOiJNREEiLCJwIjoiMTAwMTAifQ
MNE,eyJzIjoiNjc1MzAxOTkwNyIsInQiOiJNTkUiLCJwIjoiMTAwMTAifQ
MDG,eyJzIjoiNjc1MzAxOTkwNyIsInQiOiJNREciLCJwIjoiMTAwMTAifQ
MKD,eyJzIjoiNjc1MzAxOTkwNyIsInQiOiJNS0QiLCJwIjoiMTAwMTAifQ
MLI,eyJzIjoiNjc1MzAxOTkwNyIsInQiOiJNTEkiLCJwIjoiMTAwMTAifQ
MMR,eyJzIjoiNjc1MzAxOTkwNyIsInQiOiJNTVIiLCJwIjoiMTAwMTAifQ
MNG,eyJzIjoiNjc1MzAxOTkwNyIsInQiOiJNTkciLCJwIjoiMTAwMTAifQ
MAC,eyJzIjoiNjc1MzAxOTkwNyIsInQiOiJNQUMiLCJwIjoiMTAwMTAifQ
MRT,eyJzIjoiNjc1MzAxOTkwNyIsInQiOiJNUlQiLCJwIjoiMTAwMTAifQ
MSR,eyJzIjoiNjc1MzAxOTkwNyIsInQiOiJNU1IiLCJwIjoiMTAwMTAifQ
MLT,eyJzIjoiNjc1MzAxOTkwNyIsInQiOiJNTFQiLCJwIjoiMTAwMTAifQ
MUS,eyJzIjoiNjc1MzAxOTkwNyIsInQiOiJNVVMiLCJwIjoiMTAwMTAifQ
MDV,eyJzIjoiNjc1MzAxOTkwNyIsInQiOiJNRFYiLCJwIjoiMTAwMTAifQ
MWI,eyJzIjoiNjc1MzAxOTkwNyIsInQiOiJNV0kiLCJwIjoiMTAwMTAifQ
MEX,eyJzIjoiNjc1MzAxOTkwNyIsInQiOiJNRVgiLCJwIjoiMTAwMTAifQ
MYS,eyJzIjoiNjc1MzAxOTkwNyIsInQiOiJNWVMiLCJwIjoiMTAwMTAifQ
MOZ,eyJzIjoiNjc1MzAxOTkwNyIsInQiOiJNT1oiLCJwIjoiMTAwMTAifQ
NAM,eyJzIjoiNjc1MzAxOTkwNyIsInQiOiJOQU0iLCJwIjoiMTAwMTAifQ
NER,eyJzIjoiNjc1MzAxOTkwNyIsInQiOiJORVIiLCJwIjoiMTAwMTAifQ
NGA,eyJzIjoiNjc1MzAxOTkwNyIsInQiOiJOR0EiLCJwIjoiMTAwMTAifQ
NIC,eyJzIjoiNjc1MzAxOTkwNyIsInQiOiJOSUMiLCJwIjoiMTAwMTAifQ
NLD,eyJzIjoiNjc1MzAxOTkwNyIsInQiOiJOTEQiLCJwIjoiMTAwMTAifQ
NOR,eyJzIjoiNjc1MzAxOTkwNyIsInQiOiJOT1IiLCJwIjoiMTAwMTAifQ
NPL,eyJzIjoiNjc1MzAxOTkwNyIsInQiOiJOUEwiLCJwIjoiMTAwMTAifQ
NRU,eyJzIjoiNjc1MzAxOTkwNyIsInQiOiJOUlUiLCJwIjoiMTAwMTAifQ
NZL,eyJzIjoiNjc1MzAxOTkwNyIsInQiOiJOWkwiLCJwIjoiMTAwMTAifQ
OMN,eyJzIjoiNjc1MzAxOTkwNyIsInQiOiJPTU4iLCJwIjoiMTAwMTAifQ
PAN,eyJzIjoiNjc1MzAxOTkwNyIsInQiOiJQQU4iLCJwIjoiMTAwMTAifQ
PER,eyJzIjoiNjc1MzAxOTkwNyIsInQiOiJQRVIiLCJwIjoiMTAwMTAifQ
PNG,eyJzIjoiNjc1MzAxOTkwNyIsInQiOiJQTkciLCJwIjoiMTAwMTAifQ
PHL,eyJzIjoiNjc1MzAxOTkwNyIsInQiOiJQSEwiLCJwIjoiMTAwMTAifQ
PAK,eyJzIjoiNjc1MzAxOTkwNyIsInQiOiJQQUsiLCJwIjoiMTAwMTAifQ
POL,eyJzIjoiNjc1MzAxOTkwNyIsInQiOiJQT0wiLCJwIjoiMTAwMTAifQ
PRT,eyJzIjoiNjc1MzAxOTkwNyIsInQiOiJQUlQiLCJwIjoiMTAwMTAifQ
PLW,eyJzIjoiNjc1MzAxOTkwNyIsInQiOiJQTFciLCJwIjoiMTAwMTAifQ
PRY,eyJzIjoiNjc1MzAxOTkwNyIsInQiOiJQUlkiLCJwIjoiMTAwMTAifQ
QAT,eyJzIjoiNjc1MzAxOTkwNyIsInQiOiJRQVQiLCJwIjoiMTAwMTAifQ
ROU,eyJzIjoiNjc1MzAxOTkwNyIsInQiOiJST1UiLCJwIjoiMTAwMTAifQ
SRB,eyJzIjoiNjc1MzAxOTkwNyIsInQiOiJTUkIiLCJwIjoiMTAwMTAifQ
RUS,eyJzIjoiNjc1MzAxOTkwNyIsInQiOiJSVVMiLCJwIjoiMTAwMTAifQ
RWA,eyJzIjoiNjc1MzAxOTkwNyIsInQiOiJSV0EiLCJwIjoiMTAwMTAifQ
SAU,eyJzIjoiNjc1MzAxOTkwNyIsInQiOiJTQVUiLCJwIjoiMTAwMTAifQ
SLB,eyJzIjoiNjc1MzAxOTkwNyIsInQiOiJTTEIiLCJwIjoiMTAwMTAifQ
SYC,eyJzIjoiNjc1MzAxOTkwNyIsInQiOiJTWUMiLCJwIjoiMTAwMTAifQ
SWE,eyJzIjoiNjc1MzAxOTkwNyIsInQiOiJTV0UiLCJwIjoiMTAwMTAifQ
SGP,eyJzIjoiNjc1MzAxOTkwNyIsInQiOiJTR1AiLCJwIjoiMTAwMTAifQ
SVN,eyJzIjoiNjc1MzAxOTkwNyIsInQiOiJTVk4iLCJwIjoiMTAwMTAifQ
SVK,eyJzIjoiNjc1MzAxOTkwNyIsInQiOiJTVksiLCJwIjoiMTAwMTAifQ
SLE,eyJzIjoiNjc1MzAxOTkwNyIsInQiOiJTTEUiLCJwIjoiMTAwMTAifQ
SEN,eyJzIjoiNjc1MzAxOTkwNyIsInQiOiJTRU4iLCJwIjoiMTAwMTAifQ
SUR,eyJzIjoiNjc1MzAxOTkwNyIsInQiOiJTVVIiLCJwIjoiMTAwMTAifQ
STP,eyJzIjoiNjc1MzAxOTkwNyIsInQiOiJTVFAiLCJwIjoiMTAwMTAifQ
SLV,eyJzIjoiNjc1MzAxOTkwNyIsInQiOiJTTFYiLCJwIjoiMTAwMTAifQ
SWZ,eyJzIjoiNjc1MzAxOTkwNyIsInQiOiJTV1oiLCJwIjoiMTAwMTAifQ
TCA,eyJzIjoiNjc1MzAxOTkwNyIsInQiOiJUQ0EiLCJwIjoiMTAwMTAifQ
TCD,eyJzIjoiNjc1MzAxOTkwNyIsInQiOiJUQ0QiLCJwIjoiMTAwMTAifQ
THA,eyJzIjoiNjc1MzAxOTkwNyIsInQiOiJUSEEiLCJwIjoiMTAwMTAifQ
TJK,eyJzIjoiNjc1MzAxOTkwNyIsInQiOiJUSksiLCJwIjoiMTAwMTAifQ
TKM,eyJzIjoiNjc1MzAxOTkwNyIsInQiOiJUS00iLCJwIjoiMTAwMTAifQ
TUN,eyJzIjoiNjc1MzAxOTkwNyIsInQiOiJUVU4iLCJwIjoiMTAwMTAifQ
TON,eyJzIjoiNjc1MzAxOTkwNyIsInQiOiJUT04iLCJwIjoiMTAwMTAifQ
TUR,eyJzIjoiNjc1MzAxOTkwNyIsInQiOiJUVVIiLCJwIjoiMTAwMTAifQ
TTO,eyJzIjoiNjc1MzAxOTkwNyIsInQiOiJUVE8iLCJwIjoiMTAwMTAifQ
TWN,eyJzIjoiNjc1MzAxOTkwNyIsInQiOiJUV04iLCJwIjoiMTAwMTAifQ
TZA,eyJzIjoiNjc1MzAxOTkwNyIsInQiOiJUWkEiLCJwIjoiMTAwMTAifQ
UKR,eyJzIjoiNjc1MzAxOTkwNyIsInQiOiJVS1IiLCJwIjoiMTAwMTAifQ
UGA,eyJzIjoiNjc1MzAxOTkwNyIsInQiOiJVR0EiLCJwIjoiMTAwMTAifQ
USA,eyJzIjoiNjc1MzAxOTkwNyIsInQiOiJVU0EiLCJwIjoiMTAwMTAifQ
URY,eyJzIjoiNjc1MzAxOTkwNyIsInQiOiJVUlkiLCJwIjoiMTAwMTAifQ
UZB,eyJzIjoiNjc1MzAxOTkwNyIsInQiOiJVWkIiLCJwIjoiMTAwMTAifQ
VCT,eyJzIjoiNjc1MzAxOTkwNyIsInQiOiJWQ1QiLCJwIjoiMTAwMTAifQ
VEN,eyJzIjoiNjc1MzAxOTkwNyIsInQiOiJWRU4iLCJwIjoiMTAwMTAifQ
VGB,eyJzIjoiNjc1MzAxOTkwNyIsInQiOiJWR0IiLCJwIjoiMTAwMTAifQ
VNM,eyJzIjoiNjc1MzAxOTkwNyIsInQiOiJWTk0iLCJwIjoiMTAwMTAifQ
VUT,eyJzIjoiNjc1MzAxOTkwNyIsInQiOiJWVVQiLCJwIjoiMTAwMTAifQ
YEM,eyJzIjoiNjc1MzAxOTkwNyIsInQiOiJZRU0iLCJwIjoiMTAwMTAifQ
ZAF,eyJzIjoiNjc1MzAxOTkwNyIsInQiOiJaQUYiLCJwIjoiMTAwMTAifQ
ZMB,eyJzIjoiNjc1MzAxOTkwNyIsInQiOiJaTUIiLCJwIjoiMTAwMTAifQ
ZWE,eyJzIjoiNjc1MzAxOTkwNyIsInQiOiJaV0UiLCJwIjoiMTAwMTAifQ
XKS,eyJzIjoiNjc1MzAxOTkwNyIsInQiOiJYS1MiLCJwIjoiMTAwMTAifQ
